Class,Skewness,Kurtosis,Entropy
1,0.521718485,0.184405626,0.701824018
1,0.254352715,0.466297629,0.765551888
1,0.308942664,0.698951041,0.74015476
0,0.8723952,0.044478429,0.413286414
1,0.697175272,0.194594525,0.334742719
0,0.856989976,0.067249661,0.247851824
0,0.336273185,0.594714283,0.584476754
0,0.261866363,0.589027936,0.728044046
0,0.802089453,0.234348116,0.494412468
0,0.373287633,0.375867491,0.765904689
1,0.580796043,0.163956319,0.648326468
1,0.568406755,0.166321322,0.675013867
0,0.527603303,0.235455662,0.884539495
0,0.866049011,0.053891055,0.417523664
1,0.124274548,0.620328688,0.619756858
1,0.669994425,0.025170698,0.54097675
1,0.47820331,0.274874534,0.857851187
0,0.498722156,0.237817649,0.802588723
1,0.344868231,0.505718655,0.772136083
0,0.377699282,0.392624981,0.925457141
1,0.641036195,0.153182415,0.453149295
0,0.62810808,0.259115601,0.828574156
1,0.574139279,0.229697331,0.67525028
0,0.754859736,0.294513968,0.840566664
0,0.576073819,0.358295819,0.842447966
0,0.607202326,0.336222457,0.761789283
1,0.506852088,0.291817262,0.887012739
1,0.574988681,0.229660413,0.624694254
0,0.928223703,0.364977276,0.332742301
1,0.639565645,0.167721369,0.595888231
0,0.358189241,0.408275357,0.792712113
1,0.18644924,0.571202102,0.735922056
0,0.421213334,0.348736726,0.704763723
1,0.164847501,0.629780085,0.767903289
1,0.636235393,0.169237728,0.542504342
1,0.581727765,0.130923816,0.715345936
1,0.535655779,0.205003554,0.83715686
0,0.740999899,0.140887845,0.771313002
0,0.654046631,0.258045103,0.809291034
0,0.31691656,0.394873673,0.71322913
1,0.432364068,0.296874663,0.85855588
0,0.321874521,0.511995175,0.829514353
1,0.536817251,0.144135955,0.817286342
1,0.609522277,0.263618584,0.749090264
0,0.81502131,0.067215198,0.658437673
0,0.821756652,0.0927176,0.547441738
0,0.782190258,0.171563961,0.796592015
1,0.514362743,0.35530618,0.736392155
1,0.742470449,0.252360911,0.280185857
1,0.581649186,0.257417451,0.735099157
0,0.754934574,0.122950008,0.687832001
1,0.614633654,0.108148276,0.717580039
0,0.897637766,0.07946669,0.412931795
0,0.873326922,0.064591725,0.095001682
0,0.349901028,0.576220734,0.619520445
0,0.404333819,0.329765007,0.84585777
0,0.838404173,0.09873565,0.658319467
0,0.847620366,0.14528184,0.728396847
1,0.598143291,0.093385315,0.766610291
0,0.89004928,0.041450018,0.383771152
0,0.840649287,0.287978978,0.416578012
0,1.0,0.371103022,0.236922266
1,0.589548246,0.127934176,0.668548878
0,0.931011386,0.051711289,0.390472553
0,0.901589167,0.067805372,0.220928012
0,0.894696666,0.170379305,0.279831237
0,0.844600688,0.134357163,0.709819326
0,0.942083541,0.337109871,0.269956445
0,0.770268703,0.30580912,0.721577239
1,0.769568976,0.257270123,0.087245515
1,0.047929444,0.869071876,0.734510852
1,0.173517383,0.630258255,0.717932841
0,0.782268837,0.21415771,0.669721851
0,0.639954798,0.263729295,0.836333961
0,0.762291064,0.213345682,0.725928149
0,0.892062399,0.176100114,0.40188403
1,0.495857016,0.210318995,0.886539913
1,0.004258233,0.986120146,0.550615129
0,0.362986301,0.412445344,0.917464561
1,0.259389254,0.613242294,0.83915546
0,0.541153315,0.261035173,0.887249152
0,0.514207905,0.241767075,0.878665539
0,0.926210584,0.074486829,0.376833338
0,0.591329369,0.321459496,0.76966693
0,0.828495736,0.167389665,0.627158406
1,0.623228699,0.12826588,0.561553779
1,0.610222004,0.09648265,0.66243851
1,0.348894468,0.318469856,0.863024087
0,0.351064745,0.432192474,0.880656865
1,0.268137715,0.435587051,0.739096357
1,0.218891138,0.517013807,0.844916664
1,0.657915711,0.014874965,0.405293834
0,0.573286136,0.22951274,0.952617365
0,0.733332834,0.205557542,0.641388654
1,0.646379566,0.056286213,0.615046783
1,0.763297624,0.219140586,0.153441174
1,0.509871767,0.229623495,0.763082281
0,0.839642728,0.106782691,0.736627659
0,0.858767358,0.129851164,0.710407631
1,0.425239572,0.424735606,0.820577939
1,0.307314956,0.402110841,0.859379688
0,0.899576048,0.100506171,0.2440874
0,0.737669646,0.104753699,0.72193004
0,0.608051727,0.311198225,0.773547014
1,0.653346904,0.144209189,0.42339762
1,0.63886966,0.27350895,0.64597143
1,0.765157326,0.217258061,0.179192013
1,0.586603404,0.226190751,0.549087536
0,0.478125854,0.457772417,0.763200487
1,0.643670462,0.251954682,0.671140329
0,0.821756652,0.0927176,0.547441738
1,0.135578697,0.641923881,0.665139075
1,0.786141659,0.232428544,0.089473253
1,0.700969515,0.199762207,0.279722124
1,0.642663903,0.077549702,0.453849441
1,0.627718927,0.072345833,0.463960646
1,0.815099889,0.246012019,0.48441947
0,0.525744723,0.236673487,0.807879829
1,0.259928082,0.552264846,0.830925557
1,0.27920987,0.458401361,0.850443275
0,0.375375589,0.467994917,0.719461342
1,0.268137715,0.477666013,0.805998527
1,0.570498453,0.166579792,0.724046846
0,0.794347551,0.170491309,0.477017922
1,0.532558644,0.328765589,0.735686553
0,0.723577814,0.299937536,0.762023878
0,0.583198315,0.525577789,0.841036762
1,0.513665897,0.219620479,0.798591524
1,0.273555924,0.592904991,0.806351328
0,0.59419189,0.215523295,0.919346773
1,0.301586173,0.484162233,0.819049438
1,0.257840125,0.552596549,0.841625067
0,0.800850898,0.295582312,0.484183056
1,0.791174457,0.214268421,0.161197341
0,0.885327057,0.05200853,0.380243142
0,0.788929343,0.19245396,0.606472262
0,0.415795126,0.349878304,0.8863035
0,0.771196683,0.257750016,0.726632841
1,0.166239471,0.625459323,0.704646426
0,0.389703159,0.375053309,0.876428708
1,0.510026679,0.226338381,0.809172827
0,0.540146756,0.406466065,0.751442574
0,0.800001497,0.185551511,0.552970166
1,0.302207321,0.482650182,0.811525137
1,0.667053325,0.208030241,0.41058585
1,0.584668864,0.097960239,0.777544668
1,0.24924508,0.718366468,0.76966693
0,0.983199063,0.257491546,0.090882639
1,0.597675559,0.116307321,0.661256445
1,0.300658193,0.416912572,0.806468625
1,0.542779526,0.198470287,0.780484101
1,0.50305822,0.209285545,0.798473317
1,0.549128709,0.126456588,0.816110641
1,0.503754953,0.23560299,0.817873737
0,0.332789517,0.587110948,0.585540613
0,0.582113176,0.318874793,0.833041454
0,0.605574618,0.22013742,0.924984315
1,0.267052577,0.681784307,0.69618011
1,0.619977025,0.12527624,0.563672404
1,0.226247629,0.743171,0.645034871
0,0.71296965,0.130368105,0.784129045
0,0.882153962,0.063118444,0.439628286
1,0.440109711,0.219288345,0.783306055
1,0.506232811,0.257934392,0.815287742
0,0.368793663,0.398935964,0.810113933
1,0.277814157,0.469618972,0.815992435
1,0.52481562,0.26055528,0.938741737
0,0.393108248,0.339026859,0.797063022
1,0.661092547,0.024063584,0.377660784
0,0.54324389,0.263581967,0.845740473
1,0.779327738,0.220284748,0.144502942
1,0.211691806,0.532961423,0.667139493
0,0.773056386,0.27332802,0.715816034
1,0.264186315,0.442492515,0.807174227
0,0.777082624,0.147974239,0.765551888
0,0.90971648,0.050345704,0.388126608
0,0.763297624,0.248558813,0.576011348
1,0.018118071,0.973347406,0.484537676
0,0.845064678,0.090356904,0.693358611
1,0.648856676,0.038680078,0.430690053
1,0.26744173,0.600435092,0.942742573
0,0.842740985,0.173261249,0.651263446
1,0.552767664,0.132401404,0.786127918
1,0.48362339,0.337036638,0.786127918
1,0.587688543,0.086040451,0.747797267
0,0.814168167,0.117965839,0.607054202
0,0.962910716,0.360548819,0.282304482
1,0.556638615,0.128636354,0.831278358
0,0.860316486,0.086148147,0.336743137
0,0.829423717,0.169086954,0.643980105
0,0.744330152,0.247746785,0.822577448
1,0.244055125,0.486785707,0.810819535
0,0.626633788,0.267715769,0.832335852
1,0.76987955,0.264541323,0.092182911
0,0.646843557,0.254169341,0.740272057
0,0.803328007,0.108406746,0.679369323
0,0.347502498,0.385202576,0.721577239
0,0.82338436,0.087664506,0.634569046
0,0.336740918,0.595045986,0.607527028
1,0.63933365,0.189648696,0.513816525
1,0.761131088,0.256863894,0.169899161
1,0.641810759,0.174919767,0.535211908
1,0.048625429,0.872617227,0.651027033
1,0.01029759,0.989221789,0.475372123
0,0.771739252,0.161190686,0.726515544
0,0.33464922,0.376565361,0.754381371
1,0.456600074,0.332642643,0.822577448
0,0.746807261,0.139668727,0.774252435
0,0.63244115,0.412665044,0.836098457
0,0.896631206,0.058319512,0.396946634
1,0.160974679,0.648454563,0.722518345
1,0.625009822,0.074930536,0.534157142
0,0.899576048,0.100506171,0.2440874
0,0.699573803,0.313929395,0.797297617
0,0.745179553,0.24405583,0.829044255
0,0.416648269,0.310608051,0.786950908
0,0.550677089,0.423774959,0.889476891
1,0.559736873,0.113942318,0.787303709
1,0.04514176,0.880810735,0.708879129
0,0.938057303,0.051340815,0.382125353
1,0.462096862,0.353682125,0.837392364
1,0.75664086,0.274396364,0.175545796
0,0.717923868,0.149232128,0.798708821
1,0.365620568,0.307286708,0.831983051
1,0.586296572,0.235750748,0.555325204
1,0.59125079,0.125827643,0.661374651
0,0.946341774,0.306252827,0.288533057
0,0.35423784,0.487225106,0.793887813
0,0.515369329,0.435182114,0.746386063
0,0.920092648,0.085557973,0.387299163
1,0.521873398,0.152148534,0.821754549
1,0.587841959,0.121325953,0.704058121
1,0.322802501,0.672854158,0.675604899
1,0.462639431,0.277610011,0.810466734
1,0.196978825,0.760294656,0.690418906
0,0.638095096,0.173002779,0.879011066
0,0.851568025,0.187434036,0.556025351
0,0.370574787,0.401925604,0.863965193
1,0.294461678,0.700794796,0.70252962
1,0.619898446,0.241619747,0.699002519
1,0.506232811,0.288202985,0.735569255
0,0.817576998,0.09626295,0.62128445
0,0.533410291,0.432119241,0.888658538
0,0.348662473,0.424662373,0.687361903
0,0.579246914,0.225489435,0.912990898
0,0.741617305,0.222905637,0.72392864
0,0.348430478,0.391517867,0.763553288
0,0.536972164,0.285545049,0.887594679
1,0.699341807,0.206516897,0.293470453
0,0.377003297,0.399784608,0.895941879
0,0.856215411,0.200980464,0.621520863
0,0.401856709,0.336851401,0.795651818
0,0.410762328,0.316919034,0.838568064
1,0.035925567,0.773472333,0.603762605
0,0.350290181,0.392439744,0.702999718
1,0.626169798,0.172300601,0.644089219
0,0.903291711,0.037611735,0.411640616
1,0.435847736,0.301600362,0.818344745
1,0.801936037,0.251659595,0.512170727
0,0.393261664,0.360807289,0.687716523
1,0.036389557,0.900596636,0.690301609
1,0.26248377,0.479328839,0.83398256
1,0.247695952,0.567729985,0.86525819
0,0.599071271,0.345044909,0.849503078
1,0.520711926,0.177650936,0.733099648
1,0.527525847,0.213234971,0.74450476
1,0.66488679,0.212275185,0.422224647
1,0.01176814,0.985603205,0.524755176
1,0.249398497,0.470911323,0.805763932
1,0.588695102,0.09596571,0.766139284
1,0.17707963,0.6184117,0.687950208
0,0.678821465,0.319835441,0.84585777
0,0.772435238,0.182191397,0.710760432
1,0.524196343,0.146793891,0.89782409
0,0.555246644,0.608072889,0.863612392
1,0.589005676,0.209469921,0.585185993
0,0.710645957,0.118189846,0.826927448
1,0.859620501,0.238888147,0.351437119
0,0.64916725,0.242911668,0.803058821
0,0.621911565,0.41484481,0.831983051
0,0.785984501,0.181566761,0.541685989
1,0.478358223,0.3293213,0.813170936
0,0.584747443,0.226707519,0.889240478
1,0.177233047,0.61611993,0.766139284
0,0.541929376,0.260335581,0.736863162
0,0.799922918,0.20714455,0.60940924
1,0.702825476,0.010627437,0.196586559
1,0.508865207,0.222831973,0.888185712
1,0.528687319,0.341758029,0.742858961
0,0.900504028,0.172485838,0.409994817
1,0.624777827,0.265206022,0.717814634
0,0.362832885,0.34655696,0.806351328
0,0.439024573,0.337885282,0.771665712
0,0.486565612,0.46832662,0.895832765
1,0.270693403,0.681047666,0.732746847
1,0.526286918,0.156611455,0.853500277
0,0.630196036,0.257270123,0.850678778
0,0.373287633,0.427725246,0.750384171
1,0.600077831,0.093975488,0.766492085
0,0.811459062,0.240217115,0.577657146
1,0.63840567,0.129924397,0.575192995
0,0.882771369,0.037684968,0.483955736
0,0.810452503,0.156021281,0.610109387
0,0.641114774,0.315256209,0.801648527
1,0.672475276,0.202309001,0.416814425
1,0.123963973,0.614202942,0.564254344
0,0.818894132,0.100583712,0.643389072
0,0.673867246,0.319650204,0.806468625
1,0.619202461,0.257122364,0.711817926
0,0.860395065,0.068137075,0.15802395
0,0.626326956,0.236341353,0.772136083
0,0.805576863,0.220469554,0.497476745
0,0.821756652,0.0927176,0.547441738
0,0.896320632,0.021556422,0.382952799
1,0.279595281,0.433816529,0.877838093
1,0.593495905,0.083309281,0.716756231
0,0.540146756,0.318357852,0.949325768
0,0.655902592,0.152997178,0.875373942
1,0.503677497,0.282921576,0.814816734
1,0.707704857,0.199688543,0.283477454
1,0.0,1.0,0.592478427
0,0.722182101,0.304331531,0.734393555
1,0.537978724,0.211093975,0.771900943
1,0.027794512,0.963641846,0.501350282
0,0.725901507,0.136239688,0.794828919
1,0.029964789,0.786947251,0.533220582
0,0.946884343,0.33928533,0.47960028
1,0.500735275,0.267974239,0.816345236
0,0.541929376,0.260335581,0.736863162
1,0.489352921,0.265501109,0.804234522
1,0.22229997,0.650780796,0.820460642
0,0.800386908,0.124871303,0.68983151
1,0.533255378,0.142404204,0.829749857
0,0.545102097,0.269007689,0.868899861
0,0.820907251,0.226707519,0.571901398
0,0.4562895,0.573636031,0.774722806
0,0.870771234,0.332862343,0.298180529
1,0.636003398,0.197843065,0.468079689
0,0.491675865,0.545841859,0.810466734
0,0.73356483,0.123910655,0.754969675
0,0.858924516,0.029267452,0.383889359
0,0.73062373,0.219731191,0.749914073
0,0.818430141,0.217000022,0.4799549
0,0.756408865,0.192933853,0.71440483
0,0.797056655,0.209654296,0.53651218
0,0.881147403,0.056286213,0.462314848
0,0.834303098,0.362948284,0.693946007
0,0.89500724,0.051784522,0.440919465
1,0.608208885,0.104197988,0.695592715
0,0.514441696,0.281224288,0.726160925
0,0.854202292,0.123945118,0.651027033
0,0.410373175,0.314373102,0.838568064
0,0.850640045,0.102685937,0.682897333
0,0.835541652,0.081607685,0.636569465
0,0.762912212,0.193561074,0.694651609
0,0.626401793,0.170564542,0.909581094
0,0.773595213,0.141292782,0.530629132
1,0.15988954,0.644801516,0.765551888
1,0.554704075,0.207772202,0.677487111
0,0.53464922,0.271996898,0.877838093
0,0.335423784,0.581571069,0.589423243
0,0.793883561,0.245421414,0.501468489
1,0.68447541,0.202678183,0.3896542
1,0.471155897,0.287242337,0.843976468
0,0.736041939,0.249186465,0.713581931
0,0.541850049,0.326366123,0.94697073
0,0.724120383,0.123945118,0.772136083
0,0.816027869,0.219251298,0.578248179
0,0.860395065,0.068137075,0.15802395
0,0.853966555,0.205003554,0.588241178
1,0.563141962,0.200057725,0.662320303
0,0.554161506,0.260444569,0.868317921
1,0.697871258,0.015796842,0.248088237
1,0.449243584,0.212865789,0.766021986
1,0.657219726,0.199577832,0.397173955
1,0.601701796,0.11899972,0.645853224
0,0.691442748,0.286983867,0.784716986
0,0.52404143,0.314446335,0.964256163
1,0.615097644,0.261699442,0.706174927
0,0.968796656,0.24014302,0.071842294
0,0.856679401,0.30278071,0.311346918
0,0.393261664,0.360807289,0.687716523
1,0.337900893,0.501216964,0.787421006
0,0.865659858,0.071273182,0.663966102
0,0.746107533,0.116122084,0.744034662
0,0.501974204,0.246971805,0.868079689
1,0.851878599,0.237116333,0.361548324
0,0.781108862,0.242763909,0.739684661
0,0.961440166,0.342977147,0.475017504
1,0.506464806,0.25184397,0.782365404
0,0.728146621,0.153807052,0.755675278
0,0.373287633,0.427725246,0.750384171
1,0.239875471,0.526055959,0.716521636
1,0.556253204,0.212422944,0.722752939
1,0.205805865,0.669898981,0.883011902
0,0.725512354,0.323083551,0.765904689
1,0.586528567,0.085079803,0.783188394
1,0.43762886,0.348736726,0.832454059
0,0.855362268,0.174812071,0.640915828
0,0.332636101,0.375716717,0.724751539
0,0.549206165,0.278088181,0.930867363
0,0.542159875,0.311749628,0.953444811
0,0.80665826,0.215560342,0.535330114
0,0.834303098,0.290012277,0.419869609
0,0.647000715,0.26055528,0.851031579
1,0.776846887,0.256937989,0.087245515
0,0.98776787,0.259410688,0.080653227
0,0.792645006,0.185625175,0.696885712
0,0.868294125,0.199171603,0.62516708
0,0.34347626,0.482172012,0.829278849
1,0.496631581,0.21245956,0.820460642
1,0.81208021,0.254280053,0.480427726
0,0.661167384,0.166097314,0.855734381
0,0.386294327,0.384651173,0.876192295
0,0.638327091,0.3515799,0.785187266
1,0.24382313,0.570607621,0.861025487
1,0.616261361,0.093200078,0.657964847
1,0.278435305,0.490438753,0.790243415
0,0.663569657,0.142292201,0.814346636
1,0.595587602,0.207365972,0.625630814
0,0.523886517,0.269118401,0.865728289
1,0.656213166,0.034992569,0.409167371
0,0.508787751,0.450978956,0.894768906
0,0.544715189,0.275245008,0.931922129
0,0.899576048,0.100506171,0.2440874
1,0.486023417,0.357559179,0.846563372
1,0.018192908,0.808098736,0.538394392
0,0.84444353,0.071087945,0.652209098
0,0.733875404,0.327809249,0.783306055
1,0.526751283,0.256014819,0.750384171
0,0.607819732,0.335115342,0.811525137
0,0.752921455,0.196034204,0.72392864
1,0.281376405,0.458289357,0.831748456
0,0.602401524,0.439166864,0.82728025
0,0.847852361,0.155211407,0.626340053
1,0.513046433,0.257270123,0.772253653
0,0.71250566,0.103202878,0.729337952
0,0.622375555,0.236193594,0.829278849
0,0.473558169,0.294289961,0.753558471
1,0.692295891,0.206553945,0.302999718
1,0.491211501,0.209617679,0.858321285
1,0.324662204,0.515389752,0.793182211
0,0.810452503,0.156021281,0.610109387
0,0.871699215,0.054920628,0.450439637
1,0.510026679,0.269746053,0.781424752
0,0.41703368,0.363538458,0.76943179
0,0.601237806,0.318762789,0.809172827
1,0.476035278,0.288129752,0.847621775
0,0.393261664,0.360807289,0.687716523
0,0.741463889,0.238925194,0.590596216
0,0.563373957,0.310754518,0.940860362
0,0.599535261,0.285691516,0.773899724
1,0.435847736,0.223237771,0.759790684
0,0.551838561,0.409787408,0.851266174
0,0.360355776,0.453158722,0.740743064
0,0.801240051,0.13801021,0.670903916
0,0.557723754,0.258820083,0.864669886
1,0.622996703,0.234385164,0.667375906
0,0.455361519,0.592831757,0.845975068
1,0.231901574,0.738962242,0.724634242
0,0.566936205,0.277610011,0.855264283
0,0.864342724,0.068873716,0.208579976
1,0.618813308,0.200759041,0.517462742
0,0.284628078,0.575923493,0.746033262
0,0.753621182,0.226153833,0.781777463
0,0.742238454,0.251290413,0.823870446
1,0.655360023,0.032076163,0.39059076
0,0.812697617,0.273991427,0.473489912
1,0.201701048,0.761587008,0.660674505
0,0.742934439,0.237928361,0.594360639
0,0.531706998,0.425291318,0.748620166
0,0.551451279,0.40107696,0.681951681
0,0.744330152,0.123062011,0.759437882
0,0.910027054,0.166653025,0.41058585
0,0.874254903,0.059573093,0.472780672
0,0.809524522,0.18998083,0.453849441
0,0.669377018,0.361875633,0.743447266
0,0.561903408,0.409382471,0.859496986
1,0.539759473,0.206664656,0.729337952
0,0.931164803,0.046619424,0.314165689
0,0.752304048,0.151075883,0.775428226
1,0.523731604,0.207328925,0.865493694
0,0.491056588,0.557951192,0.843036271
1,0.319782823,0.470247916,0.860672686
0,0.789546749,0.247783833,0.645034871
1,0.460240901,0.351429125,0.817873737
1,0.323498486,0.424257436,0.911817926
0,0.745336711,0.271553191,0.591769188
0,0.903602286,0.161225149,0.398710639
1,0.643823878,0.175402244,0.560962747
0,0.81502131,0.217553579,0.617165407
1,0.651412364,0.037982209,0.400701965
1,0.685867381,0.012807203,0.513698319
1,0.541618054,0.205668253,0.777779827
0,0.889353295,0.063669847,0.471371287
1,0.461479455,0.276278889,0.791889213
1,0.584436869,0.169237728,0.651736272
1,0.529461509,0.172154134,0.702294116
0,0.608979708,0.293260387,0.859379688
0,0.825550895,0.144950137,0.474190058
1,0.619977025,0.1745536,0.634805459
0,0.774216362,0.172817542,0.633978014
1,0.661013968,0.01974713,0.412931795
0,0.735192537,0.106377754,0.749914073
1,0.666435919,0.208178,0.611527865
0,0.792334432,0.230804661,0.547205325
1,0.511962417,0.214009951,0.822930249
1,0.651722938,0.052189459,0.596242851
1,0.645683581,0.071311952,0.650326887
1,0.559579715,0.204745514,0.702059522
1,0.661092547,0.0202253,0.382479973
1,0.458691772,0.280229177,0.81775644
0,0.867130407,0.085411506,0.681715268
1,0.185596096,0.60286902,0.75755658
0,0.561749992,0.313744157,0.973194395
1,0.468525372,0.325224546,0.847503569
0,0.509175033,0.247266892,0.823870446
1,0.316609728,0.675068387,0.680778708
1,0.841270435,0.218402654,0.44679342
0,0.628725486,0.353350421,0.771077862
1,0.637241952,0.06928296,0.477718068
1,0.752072053,0.266387232,0.174954763
1,0.197367978,0.620255455,0.88983151
1,0.249087922,0.477149073,0.792477518
0,0.868447541,0.223643871,0.608236268
0,0.74285586,0.202825942,0.574483756
0,0.546186112,0.427466776,0.906407703
0,0.797520646,0.255719732,0.693123108
1,0.662099107,0.206516897,0.446557007
1,0.630353194,0.081866155,0.512170727
1,0.267284572,0.679389149,0.738979059
0,0.52404143,0.266091714,0.884775908
1,0.587767122,0.12549594,0.678187257
0,0.722649833,0.315294979,0.740507561
0,0.896245795,0.04599048,0.374960219
0,0.763454782,0.200389859,0.856321776
0,0.393882813,0.376677364,0.85338298
0,0.87835972,0.06599608,0.464669886
1,0.262562349,0.445628621,0.727221146
0,0.864189308,0.319503737,0.379070169
0,0.379633822,0.351282659,0.802471426
0,0.744715563,0.263914102,0.827515753
0,0.624156679,0.27328925,0.814346636
0,0.826172043,0.228700713,0.479718487
1,0.587145974,0.086298921,0.721107141
1,0.637631105,0.074521291,0.496412886
1,0.520557013,0.219251298,0.778014985
1,0.559579715,0.203785728,0.703469816
1,0.260395814,0.516423633,0.883484729
1,0.112502666,0.66790876,0.685952517
1,0.696943277,0.021000711,0.262082072
1,0.641114774,0.033588214,0.409640197
1,0.165543486,0.649634911,0.751795375
1,0.733643409,0.251290413,0.328277731
0,0.423383611,0.325961186,0.871136692
1,0.624235258,0.15078295,0.57660238
0,0.783817966,0.261514636,0.708408122
1,0.496476668,0.341133392,0.826104549
0,0.785056521,0.15528464,0.691124508
1,0.034687012,0.778934672,0.49218473
0,0.633758284,0.237485515,0.762259382
0,0.26054923,0.592314817,0.722518345
1,0.548896339,0.142843604,0.836804059
0,0.71536818,0.31581192,0.759672477
0,0.792877001,0.149120124,0.790007911
1,0.266124596,0.478626661,0.826927448
0,0.859388506,0.188541151,0.607054202
0,0.498799238,0.244092877,0.90241596
1,0.527061108,0.247119564,0.783541195
0,0.839025321,0.186252827,0.612582631
0,0.962368146,0.361026989,0.331923948
1,0.71002855,0.003024102,0.220691599
1,0.297481356,0.48058242,0.887476472
1,0.863182749,0.208916363,0.198114151
1,0.500890188,0.207107502,0.834217154
0,0.555632056,0.255535357,0.85855588
0,0.83174741,0.155689577,0.588004765
1,0.477041838,0.187212613,0.836333961
0,0.344172245,0.483903763,0.796827518
0,0.407432076,0.324892843,0.762964984
1,0.263954319,0.61611993,0.786363058
0,0.585132855,0.34183557,0.820343345
1,0.257840125,0.463273526,0.782482974
1,0.53983693,0.176914296,0.813641034
0,0.348662473,0.424662373,0.687361903
1,0.674409816,0.016533483,0.535211908
1,0.764768173,0.250367674,0.139801959
0,0.866434422,0.087810972,0.645034871
0,0.509871767,0.262326663,0.803764423
0,0.552148387,0.257380834,0.834922757
0,0.709717976,0.150300472,0.670312884
1,0.307546951,0.433411592,0.917937387
1,0.589237672,0.082680337,0.717932841
1,0.266973998,0.475378551,0.767550488
1,0.620441015,0.092312663,0.667839639
0,0.512194711,0.407719646,0.831042854
0,0.77677205,0.141702027,0.745445866
1,0.252264759,0.550528787,0.833041454
0,0.860395065,0.068137075,0.15802395
0,0.527912755,0.324927305,0.973903634
1,0.555014649,0.126753829,0.813641034
0,0.895856642,0.050530941,0.358493139
1,0.511420521,0.311012988,0.880547751
0,0.829345138,0.320869322,0.437155042
0,0.532558644,0.286393693,0.924402375
0,0.847309792,0.126973528,0.708526328
0,0.871156645,0.090800612,0.50370532
0,0.518776226,0.495681392,0.64244342
1,0.536275431,0.211093975,0.716874437
0,0.808671379,0.075443169,0.666784873
0,0.635385991,0.220838736,0.753441174
0,0.375222173,0.349512137,0.712523528
0,0.422377052,0.296986667,0.842330669
0,0.46418856,0.532961423,0.740624858
0,0.532713557,0.289236866,0.960964565
1,0.46418856,0.313744157,0.824811552
0,0.567246779,0.454856011,0.737685152
1,0.284860073,0.469214035,0.821401748
0,0.649477824,0.258967842,0.813170936
0,0.86310417,0.193930256,0.577429826
1,0.548818883,0.157572102,0.725575348
1,0.128996771,0.60611713,0.585067787
0,0.801008056,0.144028259,0.743211762
0,0.34301227,0.587291878,0.530865545
1,0.666510756,0.214711267,0.578721005
1,0.522105767,0.305068172,0.865728289
1,0.432596063,0.411191763,0.80270602
1,0.601933792,0.208547182,0.641743274
1,0.531164803,0.340689685,0.771430572
0,0.957103354,0.210281948,0.061494676
1,0.658147706,0.214231374,0.429980814
1,0.749980355,0.234532492,0.27301163
1,0.497250858,0.301122192,0.935804759
0,0.414092581,0.330872122,0.855734381
0,0.49399881,0.537463114,0.715816034
0,0.631513169,0.17802141,0.919583186
0,0.598914113,0.21637237,0.918519327
0,0.772588654,0.267346587,0.716404339
1,0.479829147,0.18148922,0.806468625
0,0.640108214,0.166355784,0.832218555
0,0.4161057,0.31979667,0.863141384
0,0.607898311,0.419751438,0.796944816
0,0.56430568,0.28333082,0.927812179
0,0.807047413,0.112059793,0.693123108
1,0.872009789,0.228700713,0.154259527
1,0.862793595,0.228331574,0.160378988
0,0.624235258,0.352833481,0.787303709
1,0.655128028,0.036539083,0.379542995
0,0.920324643,0.341611562,0.337452376
1,0.556795773,0.121287182,0.771548142
0,0.76198049,0.251770306,0.737097757
1,0.633836863,0.184629634,0.530392718
1,0.297870509,0.696698042,0.729219746
1,0.219665703,0.519818209,0.808349928
0,0.65110179,0.370219915,0.821754549
0,0.727061482,0.259152648,0.64186148
0,0.915912994,0.085191806,0.406585013
1,0.311498352,0.477739247,0.857498386
1,0.629268055,0.077734939,0.524164143
0,0.502361112,0.408236586,0.687127308
1,0.593342488,0.207550348,0.624812461
1,0.16925915,0.615086049,0.73180665
0,0.812001631,0.225267969,0.580012184
0,0.843826123,0.132362634,0.703940824
0,0.861944194,0.076037651,0.607054202
1,0.443668217,0.221023112,0.766374787
1,0.653114909,0.201866155,0.412349855
1,0.672782108,0.032149396,0.559671568
0,0.770654114,0.19869171,0.73462815
0,0.339218027,0.568837099,0.636451258
0,0.800776061,0.279673466,0.447739073
1,0.632598308,0.097999009,0.510052102
1,0.659000849,0.193450363,0.66690308
0,0.520557013,0.232945484,0.881247897
0,0.573982121,0.552450083,0.848561972
0,0.876346601,0.089547031,0.541331369
1,0.254973863,0.607039007,0.916291588
0,0.940455833,0.211500205,0.136273948
1,0.17707963,0.609477244,0.698179619
1,0.530080787,0.213567105,0.764728989
1,0.448626177,0.319688974,0.89018613
1,0.622686129,0.149710298,0.571664984
0,0.892762126,0.042776832,0.43045364
1,0.634843422,0.081017511,0.487829273
0,0.717074467,0.124169126,0.771665712
1,0.346417359,0.319021259,0.908644535
1,0.52226068,0.266719366,0.920992571
0,0.917768955,0.081275982,0.398237813
1,0.207976142,0.672780925,0.866551188
0,0.869375522,0.015391906,0.301117506
0,0.512736719,0.315665453,0.880193131
0,0.424775582,0.341499558,0.924284169
0,0.895314073,0.061602085,0.393300417
1,0.479596778,0.344342732,0.762142084
1,0.276343607,0.465746225,0.849973176
1,0.445681336,0.401150193,0.827397547
0,0.849633485,0.138083443,0.674777453
1,0.85869252,0.215892476,0.227865826
1,0.608747713,0.261994529,0.676896078
0,0.541927505,0.260333857,0.736862253
0,0.82578289,0.117414436,0.641743274
0,0.873326922,0.064591725,0.095001682
1,0.696475545,0.001068344,0.22421961
0,0.827874588,0.118189846,0.660674505
1,0.660007409,0.213345682,0.660910918
0,0.867519561,0.302263769,0.335097339
0,0.857996535,0.137824973,0.703940824
1,0.15602046,0.562711353,0.688420306
1,0.284164088,0.718293235,0.679605736
0,0.900814602,0.020927478,0.381425207
0,0.844290114,0.131548452,0.717932841
0,0.53209428,0.425476555,0.755086973
1,0.874640314,0.216778168,0.144030115
0,0.891523572,0.060275271,0.437509661
0,0.702825476,0.131289982,0.817169044
0,0.514441696,0.281224288,0.726160925
1,0.204335315,0.764244944,0.646562463
0,0.914442445,0.075701639,0.343799158
0,0.739061617,0.279156525,0.745210362
1,0.385830337,0.301156655,0.877365267
0,0.902902558,0.067029961,0.440919465
0,0.574835265,0.52960131,0.815875138
0,0.787301635,0.210097573,0.573310783
1,0.66782789,0.022512762,0.539685571
0,0.406193521,0.323488487,0.797533121
0,0.927991708,0.040196437,0.404348182
0,0.881843388,0.048906886,0.371895942
1,0.445142509,0.331203825,0.880193131
0,0.890591849,0.058427208,0.406112187
0,0.545799204,0.297835311,0.84785637
1,0.29686395,0.42433067,0.839743765
0,0.433370627,0.333896224,0.881011484
0,0.39148054,0.34183557,0.783306055
0,0.486643068,0.561897172,0.835628359
0,0.414324576,0.335227346,0.810584031
1,0.026555958,0.964856657,0.522518345
1,0.24428712,0.510039417,0.765669185
1,0.685635386,0.013358606,0.529456159
0,0.529074227,0.322454606,0.821283541
1,0.504142235,0.289051629,0.779543541
0,0.880836829,0.16875525,0.614937669
1,0.640186793,0.169754669,0.599298035
1,0.51498217,0.184923859,0.728985151
1,0.298719911,0.486712473,0.781542322
0,0.564380517,0.230103345,0.95085336
1,0.552844372,0.129816701,0.776721624
0,0.581727765,0.519598509,0.740977659
0,0.580253473,0.296689426,0.86525819
1,0.659311424,0.200389859,0.67043109
0,0.829113143,0.139117324,0.695122617
1,0.500812731,0.297503608,0.950971567
0,0.60255494,0.440239516,0.852677378
0,0.89794834,0.180459646,0.412113442
0,0.342701695,0.399267668,0.755675278
1,0.843515549,0.237706938,0.419287669
1,0.026866532,0.958252741,0.567664148
0,0.336119769,0.373984966,0.728396847
0,0.524196343,0.436547699,0.907935296
1,0.221136252,0.737708661,0.604708257
0,0.809835096,0.239294376,0.432808678
1,0.287804915,0.66262735,0.685006865
0,0.93333508,0.168165076,0.406939633
0,0.959969616,0.315846382,0.297825909
1,0.667749311,0.217516531,0.58494958
0,0.514441696,0.281224288,0.726160925
0,0.637631105,0.266903741,0.800120025
0,0.779249159,0.139229328,0.490775344
1,0.643438467,0.05672992,0.62163907
0,0.632673145,0.242394727,0.83045455
0,0.617731911,0.284916105,0.760613583
1,0.663337661,0.02347341,0.549796776
0,0.427409849,0.301156655,0.859967084
0,0.545644292,0.57935684,0.832571356
0,0.594270469,0.233609753,0.927693972
0,0.820982088,0.121804123,0.644325632
0,0.498102504,0.560570358,0.859967084
1,0.661788533,0.031520451,0.425634451
1,0.431046934,0.293109613,0.833629759
1,0.452109846,0.336187994,0.824223247
0,0.611767391,0.314334331,0.760025278
0,0.539295109,0.485713055,0.724281441
0,0.851953436,0.038904086,0.41058585
0,0.84490752,0.268454132,0.392945798
1,0.545102097,0.154621233,0.734746356
0,0.359581211,0.378525427,0.770137211
1,0.332868096,0.506752536,0.808349928
0,0.858535362,0.070648545,0.667730525
0,0.60108439,0.268971073,0.852794675
0,0.594734459,0.306916234,0.812112533
0,0.991715529,0.267235876,0.082417233
0,0.547347585,0.534878411,0.779778681
0,0.40038616,0.358773989,0.893123108
1,0.519782823,0.15524587,0.831395655
0,0.368097677,0.351062959,0.775663457
0,0.545876661,0.318357852,0.870427453
0,0.7851351,0.086445387,0.641388654
0,0.541929376,0.260335581,0.736863162
0,0.528764776,0.315665453,0.886421706
1,0.472319614,0.18673272,0.829867154
0,0.348198483,0.388416223,0.767314984
0,0.880140843,0.234348116,0.63056821
1,0.241499437,0.567953992,0.889013157
1,0.236702376,0.507381481,0.810113933
0,0.570809027,0.206886079,0.863965193
1,0.451103286,0.205077649,0.758143976
0,0.839799885,0.103164107,0.640097475
1,0.53000333,0.185403752,0.816227939
0,0.56817476,0.305585112,0.858908681
0,0.663723073,0.374092662,0.853970376
1,0.506542262,0.228589958,0.84668067
0,0.732868844,0.131625993,0.716756231
1,0.503135302,0.31957697,0.831983051
1,0.662948508,0.224308269,0.584476754
0,0.405497536,0.322454606,0.822812043
0,0.835231078,0.245753549,0.579193831
0,0.852496006,0.065698839,0.473835438
0,0.772745812,0.247008853,0.575192995
0,0.747271251,0.275059771,0.674431927
0,0.625784387,0.271962436,0.826927448
0,0.933488496,0.03997243,0.34626331
0,0.4062721,0.32304478,0.805292925
0,0.363454033,0.383914532,0.747679969
0,0.774758931,0.182673875,0.798591524
0,0.984591034,0.354530769,0.456677305
0,0.540069299,0.48660047,0.737920656
1,0.641500185,0.033919917,0.441155878
1,0.432906637,0.223606953,0.828574156
0,0.309638649,0.586852478,0.516171563
1,0.616029366,0.234680251,0.684306719
0,0.496708663,0.254796993,0.879011066
0,0.695083574,0.317655674,0.834217154
1,0.350133023,0.485454585,0.764610782
1,0.582655745,0.100286471,0.79635742
1,0.608051727,0.100583712,0.717109032
0,0.920635218,0.347000668,0.49629468
1,0.666200182,0.027682168,0.421515408
0,0.811769636,0.274801301,0.518635715
0,0.771971248,0.177650936,0.802941524
1,0.003562248,0.985013031,0.539212744
1,0.038634671,0.897899929,0.764376188
0,0.915523841,0.301044651,0.513343699
0,0.86310417,0.209949814,0.598707002
0,0.273555924,0.587735585,0.63891541
1,0.675726949,0.018971719,0.513461906
0,0.373287633,0.427725246,0.750384171
1,0.701976075,0.005828505,0.196122826
0,0.348662473,0.364572339,0.777662248
0,0.448858172,0.586628471,0.809291034
0,0.838714747,0.157279169,0.658674086
0,0.905383409,0.048501949,0.32510434
0,0.616261361,0.412557348,0.827044746
1,0.5740607,0.224086803,0.618574793
0,0.857996535,0.135132574,0.397064841
1,0.577233795,0.133099274,0.706292225
0,0.434841177,0.341021388,0.877719887
0,0.505922985,0.450462016,0.875137529
0,0.586603404,0.552264846,0.870200133
0,0.380876118,0.380959356,0.801648527
0,0.768951569,0.201017081,0.812348036
0,0.556949189,0.30278071,0.899006156
0,0.89500724,0.053408577,0.362375769
1,0.033448458,0.790307364,0.47607227
0,0.829113143,0.137273569,0.598352383
0,0.485094314,0.447511147,0.715463233
0,0.532713557,0.427910483,0.876192295
0,0.487727084,0.463234756,0.711466034
0,0.801240051,0.123281711,0.664666248
0,0.515679046,0.512214875,0.728985151
1,0.153539609,0.635462123,0.745563163
0,0.518001923,0.52358326,0.731218346
1,0.503909866,0.285213346,0.90241596
0,0.8891213,0.278566351,0.302054066
0,0.853581144,0.088069442,0.659146913
1,0.303445876,0.700243393,0.74685707
0,0.397987629,0.310681285,0.743211762
0,0.322955917,0.412591811,0.663729689
0,0.350443597,0.485566588,0.784364185
0,0.418350814,0.327585241,0.804822827
1,0.816338443,0.229623495,0.368249725
0,0.734496552,0.308540289,0.747679969
1,0.156795025,0.632842958,0.784716986
0,0.321331951,0.386826631,0.673368068
0,0.837786767,0.307062701,0.383652946
0,0.897173776,0.321571499,0.267728707
1,0.274098493,0.487668813,0.758379479
0,0.676344356,0.251807353,0.807997127
0,0.627408353,0.264393995,0.805175628
0,0.727914626,0.142882374,0.779661111
0,0.921409782,0.092166196,0.415523246
1,0.649013834,0.263360545,0.641270447
0,0.376614143,0.455187714,0.814816734
0,0.508710294,0.439093631,0.791300908
0,0.752846618,0.219841902,0.558143976
1,0.269454849,0.433153122,0.691477309
1,0.642585324,0.03676309,0.389417787
0,0.476188694,0.574557908,0.822341944
0,0.633915442,0.312232106,0.794240614
1,0.291831152,0.662446421,0.701941315
1,0.615408218,0.191494174,0.592478427
1,0.659154266,0.015279902,0.401529411
0,0.399226184,0.33005794,0.848679269
1,0.644830438,0.07950546,0.465606445
1,0.212387791,0.666133931,0.836451258
0,0.56384169,0.559463243,0.834217154
1,0.581881181,0.259484783,0.736039354
0,0.771196683,0.216076852,0.842095165
1,0.199613092,0.60888707,0.865375488
0,0.943943244,0.318577552,0.416932631
1,0.669530434,0.030891507,0.400701965
1,0.617885327,0.118629246,0.574138229
1,0.845296673,0.225046503,0.438564427
1,0.410530333,0.387602042,0.867962392
1,0.552767664,0.215412583,0.713581931
0,0.514441696,0.281224288,0.726160925
0,0.709253986,0.273694187,0.738979059
1,0.468446793,0.356891464,0.810349437
1,0.260470651,0.535287656,0.898415123
1,0.86310417,0.234865057,0.364494394
1,0.698645822,0.187950546,0.315347755
0,0.92350148,0.030525341,0.374723806
0,0.899340311,0.061640856,0.38577157
0,0.509561941,0.50734271,0.708760923
0,0.880372839,0.090947078,0.504878293
0,0.533797573,0.274801301,0.943451813
0,0.513356146,0.471983975,0.654436837
1,0.495470108,0.330574881,0.84785637
1,0.643670462,0.054071984,0.647617229
1,0.694230431,0.006457449,0.483010084
0,0.418661388,0.323820191,0.805411131
0,0.613473678,0.307467637,0.813876538
0,0.765699896,0.175841644,0.742036062
0,0.330080413,0.502250845,0.739449158
1,0.108708423,0.636642471,0.648917501
1,0.26891228,0.436586469,0.775310656
1,0.653193488,0.054847395,0.620811624
0,0.841734425,0.097516531,0.722988443
0,0.389160589,0.339617033,0.827515753
0,0.728453453,0.231801236,0.774840376
0,0.909484484,0.030193637,0.394828009
0,0.828417157,0.249592263,0.430335434
1,0.561286001,0.235713701,0.678069051
1,0.627565511,0.177470007,0.630104476
0,0.374215613,0.351911603,0.77907317
1,0.648624681,0.037870205,0.376251398
0,0.780334297,0.170603313,0.797533121
0,0.273091934,0.574557908,0.739213654
0,0.754702579,0.231690525,0.830102658
1,0.451567277,0.292446206,0.80705693
1,0.279595281,0.471135331,0.795063513
1,0.51173016,0.218328559,0.872073252
0,0.532945926,0.2995326,0.860555389
0,0.575220676,0.227704103,0.926402793
0,0.545411922,0.298240248,0.885248734
1,0.613473678,0.254796993,0.671840476
1,0.538133637,0.344196265,0.755675278
1,0.122104271,0.616451634,0.599534448
0,0.335191789,0.501475435,0.777544668
1,0.138519796,0.590247055,0.595888231
1,0.029343641,0.790083357,0.529928985
0,0.650020393,0.311232688,0.737803359
0,0.258536111,0.578030026,0.755439774
0,0.628182917,0.23755961,0.76390518
0,0.952770284,0.337368342,0.479363867
1,0.632134318,0.27402589,0.659374233
0,0.523344696,0.236452065,0.887249152
0,0.837087039,0.101173886,0.660792711
1,0.545489379,0.157020699,0.759790684
1,0.492759881,0.339914274,0.902534166
0,0.348662473,0.424662373,0.687361903
0,0.370035959,0.372360911,0.776721624
0,0.93519104,0.072048592,0.406112187
1,0.621832986,0.070756241,0.49535812
0,0.841887842,0.098847653,0.725222547
1,0.496863576,0.285140112,0.927693972
0,0.638716244,0.237891744,0.766374787
0,0.806347686,0.109367394,0.601298453
0,0.587303132,0.535580589,0.858321285
1,0.54788978,0.128041872,0.85220728
0,0.876810591,0.215301872,0.625985433
1,0.027562517,0.903069335,0.717109032
0,0.822299221,0.114610033,0.68324286
0,0.742313291,0.12202813,0.715227729
1,0.463803148,0.327033838,0.775310656
1,0.634300853,0.073638185,0.487247334
1,0.236623797,0.524802378,0.718637533
0,0.904608845,0.047985009,0.344617511
0,0.881300819,0.059387856,0.456086273
1,0.33658376,0.495272148,0.81340644
0,0.810452503,0.156021281,0.610109387
1,0.50824593,0.188688909,0.777544668
1,0.582809162,0.235492278,0.559671568
1,0.269454849,0.681120899,0.762376679
0,0.90723937,0.098106705,0.486183475
0,0.393261664,0.360807289,0.687714704
0,0.323962477,0.598737803,0.647271702
1,0.791949021,0.228996015,0.104521855
1,0.298255921,0.712089948,0.741800558
1,0.121561701,0.654950783,0.731571147
1,0.764150767,0.225563271,0.184365822
0,0.390709718,0.448730265,0.852441874
1,0.044442033,0.892920068,0.641034034
0,0.895624647,0.06300644,0.411995235
0,0.530700438,0.288090982,0.88594888
1,0.565854808,0.16524867,0.726398247
1,0.635075417,0.149232128,0.509470162
1,0.525047989,0.191494174,0.864669886
0,0.662099107,0.258118767,0.807879829
1,0.646611562,0.150856183,0.42728025
1,0.272938518,0.475710255,0.856674577
0,0.806347686,0.217442867,0.50781527
1,0.640418789,0.260998126,0.686539004
0,0.893690107,0.154840933,0.377897197
1,0.666125345,0.212275185,0.423043
0,0.787612209,0.277274,0.728279549
0,0.348894468,0.380330411,0.791300908
1,0.638716244,0.130518879,0.55320658
0,0.73209428,0.230546277,0.633978014
0,0.631823744,0.262548517,0.816698037
0,0.348662473,0.424662373,0.687361903
1,0.486410699,0.372468607,0.777427098
1,0.268755122,0.470803627,0.82728025
0,0.9460312,0.23442178,0.157196505
1,0.036236141,0.903289034,0.660792711
1,0.644519864,0.256458096,0.691124508
0,0.763918772,0.17849958,0.681133328
1,0.856679401,0.209654296,0.239150004
0,0.77034354,0.263987766,0.761671986
1,0.608594297,0.101061882,0.72075434
0,0.65505319,0.254907705,0.741094956
0,0.390473981,0.339138863,0.72745665
1,0.209214697,0.750218623,0.631632069
1,0.432596063,0.225489435,0.786363058
1,0.576305814,0.189574601,0.642679833
0,0.6476967,0.25250867,0.815405039
0,0.769647555,0.220358843,0.821871846
1,0.523963973,0.258414285,0.746974367
0,0.312426332,0.392512977,0.663375069
1,0.242042006,0.522329679,0.723575839
1,0.174602521,0.61538329,0.751442574
1,0.540379125,0.140409675,0.870663866
0,0.560200863,0.256421048,0.863376888
1,0.696864698,0.003136106,0.222219191
0,0.799922918,0.126788291,0.699708121
1,0.653657478,0.048536412,0.60106204
1,0.443668217,0.33607599,0.831748456
1,0.324505046,0.423150322,0.903352519
1,0.259389254,0.690387059,0.684779545
1,0.698181832,0.005906046,0.210580394
0,0.906928796,0.038865315,0.382834593
1,0.365467152,0.305068172,0.860672686
1,0.576462972,0.263729295,0.768961419
0,0.916762396,0.317914145,0.263491457
0,0.92249492,0.310900984,0.384125772
1,0.244444278,0.720615159,0.725339844
1,0.652576081,0.197695307,0.663847895
0,0.55400809,0.471393801,0.739684661
0,0.890359854,0.043776251,0.330278149
0,0.921099208,0.337402804,0.510288515
0,0.274641062,0.578805436,0.695592715
1,0.668602454,0.020781011,0.5853042
0,0.809677938,0.126417817,0.711817926
0,0.915291846,0.080944278,0.403648035
1,0.328531284,0.675955802,0.728985151
1,0.475881862,0.395502617,0.847974577
1,0.499031607,0.300605251,0.73815616
0,0.862176189,0.07300924,0.653973103
1,0.514595038,0.224861955,0.736627659
1,0.640961358,0.196698473,0.456904626
0,0.768177005,0.228147039,0.813170936
0,0.89887632,0.051414048,0.371195795
1,0.172742818,0.640261055,0.710877729
0,0.47820331,0.452236845,0.750618766
0,0.624388674,0.192306201,0.766139284
1,0.489817659,0.231875073,0.886067087
0,0.959891037,0.245642837,0.140974931
0,0.481764809,0.5761475,0.840213863
0,0.971816335,0.256863894,0.0
0,0.730855725,0.195259224,0.721577239
0,0.783971382,0.16225903,0.813759241
1,0.275262211,0.469067568,0.871136692
1,0.262098358,0.515277748,0.859026887
0,0.767323861,0.273844961,0.692417505
1,0.786991061,0.230767743,0.113460087
0,0.924197465,0.060016801,0.397173955
0,0.681145158,0.170271609,0.617992853
1,0.580332052,0.163366145,0.671958682
1,0.572432993,0.167023499,0.70805623
1,0.657608879,0.016016542,0.436445802
0,0.801161472,0.107631335,0.68324286
0,0.873326922,0.064591725,0.095001682
0,0.77917058,0.202383096,0.815287742
1,0.519163545,0.251548883,0.750384171
1,0.51173016,0.254280053,0.782835684
1,0.142935187,0.592831757,0.606935996
0,0.402788432,0.34305038,0.887476472
1,0.43716487,0.295952786,0.841977868
1,0.538907827,0.200094342,0.846210571
1,0.643823878,0.175402244,0.560962747
1,0.642663903,0.077549702,0.453849441
1,0.660007409,0.213345682,0.660910918
1,0.526286918,0.156611455,0.853500277
1,0.634300853,0.073638185,0.487247334
1,0.54788978,0.128041872,0.85220728
1,0.698645822,0.187950546,0.315347755
1,0.531164803,0.340689685,0.771430572
1,0.443668217,0.221023112,0.766374787
1,0.410530333,0.387602042,0.867962392
1,0.666435919,0.208178,0.611527865
1,0.776846887,0.256937989,0.087245515
1,0.537978724,0.211093975,0.771900943
1,0.316609728,0.675068387,0.680778708
1,0.595587602,0.207365972,0.625630814
1,0.279595281,0.433816529,0.877838093
1,0.660007409,0.213345682,0.660910918
1,0.637241952,0.06928296,0.477718068
1,0.669994425,0.025170698,0.54097675
1,0.779327738,0.220284748,0.144502942
1,0.239875471,0.526055959,0.716521636
1,0.197367978,0.620255455,0.88983151
1,0.655128028,0.036539083,0.379542995
1,0.646379566,0.056286213,0.615046783
1,0.495470108,0.330574881,0.84785637
1,0.46418856,0.313744157,0.824811552
1,0.653657478,0.048536412,0.60106204
1,0.252264759,0.550528787,0.833041454
1,0.506232811,0.257934392,0.815287742
1,0.269454849,0.681120899,0.762376679
1,0.491211501,0.209617679,0.858321285
1,0.332868096,0.506752536,0.808349928
1,0.752072053,0.266387232,0.174954763
1,0.301586173,0.484162233,0.819049438
1,0.801936037,0.251659595,0.512170727
1,0.619202461,0.257122364,0.711817926
1,0.510026679,0.226338381,0.809172827
1,0.698645822,0.187950546,0.315347755
1,0.124274548,0.620328688,0.619756858
1,0.668602454,0.020781011,0.5853042
1,0.63840567,0.129924397,0.575192995
1,0.636235393,0.169237728,0.542504342
1,0.81208021,0.254280053,0.480427726
1,0.431046934,0.293109613,0.833629759
1,0.698181832,0.005906046,0.210580394
1,0.244444278,0.720615159,0.725339844
1,0.432906637,0.223606953,0.828574156
1,0.445142509,0.331203825,0.880193131
1,0.108708423,0.636642471,0.648917501
1,0.472319614,0.18673272,0.829867154
1,0.432906637,0.223606953,0.828574156
1,0.269454849,0.433153122,0.691477309
1,0.815099889,0.246012019,0.48441947
1,0.153539609,0.635462123,0.745563163
1,0.68447541,0.202678183,0.3896542
1,0.287804915,0.66262735,0.685006865
1,0.218891138,0.517013807,0.844916664
1,0.462639431,0.277610011,0.810466734
1,0.435847736,0.301600362,0.818344745
1,0.242042006,0.522329679,0.723575839
1,0.500735275,0.267974239,0.816345236
1,0.279595281,0.471135331,0.795063513
1,0.221136252,0.737708661,0.604708257
1,0.451103286,0.205077649,0.758143976
1,0.669994425,0.025170698,0.54097675
1,0.0,1.0,0.592478427
1,0.244444278,0.720615159,0.725339844
1,0.15988954,0.644801516,0.765551888
1,0.252264759,0.550528787,0.833041454
1,0.294461678,0.700794796,0.70252962
1,0.640186793,0.169754669,0.599298035
1,0.01176814,0.985603205,0.524755176
1,0.702825476,0.010627437,0.196586559
1,0.443668217,0.221023112,0.766374787
1,0.165543486,0.649634911,0.751795375
1,0.279595281,0.433816529,0.877838093
1,0.556795773,0.121287182,0.771548142
1,0.627718927,0.072345833,0.463960646
1,0.207976142,0.672780925,0.866551188
1,0.749980355,0.234532492,0.27301163
1,0.262562349,0.445628621,0.727221146
1,0.036236141,0.903289034,0.660792711
1,0.201701048,0.761587008,0.660674505
1,0.018192908,0.808098736,0.538394392
1,0.18644924,0.571202102,0.735922056
1,0.43716487,0.295952786,0.841977868
1,0.851878599,0.237116333,0.361548324
1,0.252264759,0.550528787,0.833041454
1,0.698645822,0.187950546,0.315347755
1,0.451103286,0.205077649,0.758143976
1,0.519163545,0.251548883,0.750384171
1,0.252264759,0.550528787,0.833041454
1,0.123963973,0.614202942,0.564254344
1,0.653657478,0.048536412,0.60106204
1,0.27920987,0.458401361,0.850443275
1,0.26744173,0.600435092,0.942742573
1,0.574988681,0.229660413,0.624694254
1,0.259389254,0.613242294,0.83915546
1,0.410530333,0.387602042,0.867962392
1,0.616029366,0.234680251,0.684306719
1,0.038634671,0.897899929,0.764376188
1,0.537978724,0.211093975,0.771900943
1,0.816338443,0.229623495,0.368249725
1,0.663337661,0.02347341,0.549796776
1,0.523963973,0.258414285,0.746974367
1,0.514362743,0.35530618,0.736392155
1,0.344868231,0.505718655,0.772136083
1,0.791174457,0.214268421,0.161197341
1,0.519782823,0.15524587,0.831395655
1,0.268137715,0.477666013,0.805998527
1,0.236623797,0.524802378,0.718637533
1,0.462096862,0.353682125,0.837392364
1,0.659000849,0.193450363,0.66690308
1,0.815099889,0.246012019,0.48441947
1,0.301586173,0.484162233,0.819049438
1,0.29686395,0.42433067,0.839743765
1,0.266124596,0.478626661,0.826927448
1,0.696943277,0.021000711,0.262082072
1,0.661013968,0.01974713,0.412931795
1,0.43762886,0.348736726,0.832454059
1,0.574139279,0.229697331,0.67525028
1,0.153539609,0.635462123,0.745563163
1,0.124274548,0.620328688,0.619756858
1,0.307546951,0.433411592,0.917937387
1,0.617885327,0.118629246,0.574138229
1,0.26744173,0.600435092,0.942742573
1,0.556795773,0.121287182,0.771548142
1,0.500812731,0.297503608,0.950971567
1,0.142935187,0.592831757,0.606935996
1,0.212387791,0.666133931,0.836451258
1,0.324662204,0.515389752,0.793182211
1,0.627718927,0.072345833,0.463960646
1,0.527525847,0.213234971,0.74450476
1,0.862793595,0.228331574,0.160378988
1,0.549128709,0.126456588,0.816110641
1,0.269454849,0.681120899,0.762376679
1,0.004258233,0.986120146,0.550615129
1,0.027794512,0.963641846,0.501350282
1,0.666510756,0.214711267,0.578721005
1,0.462639431,0.277610011,0.810466734
1,0.036389557,0.900596636,0.690301609
1,0.425239572,0.424735606,0.820577939
1,0.503135302,0.31957697,0.831983051
1,0.257840125,0.552596549,0.841625067
1,0.33658376,0.495272148,0.81340644
1,0.659154266,0.015279902,0.401529411
1,0.036389557,0.900596636,0.690301609
1,0.559579715,0.204745514,0.702059522
1,0.138519796,0.590247055,0.595888231
1,0.610222004,0.09648265,0.66243851
1,0.269454849,0.433153122,0.691477309
1,0.641500185,0.033919917,0.441155878
1,0.675726949,0.018971719,0.513461906
1,0.619977025,0.1745536,0.634805459
1,0.521718485,0.184405626,0.701824018
1,0.646611562,0.150856183,0.42728025
1,0.653657478,0.048536412,0.60106204
1,0.0,1.0,0.592478427
1,0.580796043,0.163956319,0.648326468
1,0.440109711,0.219288345,0.783306055
1,0.635075417,0.149232128,0.509470162
1,0.608747713,0.261994529,0.676896078
1,0.648856676,0.038680078,0.430690053
1,0.17707963,0.609477244,0.698179619
1,0.624235258,0.15078295,0.57660238
1,0.627718927,0.072345833,0.463960646
1,0.164847501,0.629780085,0.767903289
1,0.500812731,0.297503608,0.950971567
1,0.548896339,0.142843604,0.836804059
1,0.219665703,0.519818209,0.808349928
1,0.43762886,0.348736726,0.832454059
1,0.752072053,0.266387232,0.174954763
1,0.625009822,0.074930536,0.534157142
1,0.659154266,0.015279902,0.401529411
1,0.51498217,0.184923859,0.728985151
1,0.701976075,0.005828505,0.196122826
1,0.555014649,0.126753829,0.813641034
1,0.004258233,0.986120146,0.550615129
1,0.630353194,0.081866155,0.512170727
1,0.344868231,0.505718655,0.772136083
1,0.643823878,0.175402244,0.560962747
1,0.576462972,0.263729295,0.768961419
1,0.694230431,0.006457449,0.483010084
1,0.513665897,0.219620479,0.798591524
1,0.510026679,0.226338381,0.809172827
1,0.816338443,0.229623495,0.368249725
1,0.177233047,0.61611993,0.766139284
1,0.472319614,0.18673272,0.829867154
1,0.435847736,0.301600362,0.818344745
1,0.249398497,0.470911323,0.805763932
1,0.479596778,0.344342732,0.762142084
1,0.346417359,0.319021259,0.908644535
1,0.004258233,0.986120146,0.550615129
1,0.615408218,0.191494174,0.592478427
1,0.499031607,0.300605251,0.73815616
1,0.185596096,0.60286902,0.75755658
1,0.496631581,0.21245956,0.820460642
1,0.166239471,0.625459323,0.704646426
1,0.653346904,0.144209189,0.42339762
1,0.519782823,0.15524587,0.831395655
1,0.68447541,0.202678183,0.3896542
1,0.298719911,0.486712473,0.781542322
1,0.496631581,0.21245956,0.820460642
1,0.196978825,0.760294656,0.690418906
1,0.297870509,0.696698042,0.729219746
1,0.601701796,0.11899972,0.645853224
1,0.508865207,0.222831973,0.888185712
1,0.029964789,0.786947251,0.533220582
1,0.294461678,0.700794796,0.70252962
1,0.597675559,0.116307321,0.661256445
1,0.300658193,0.416912572,0.806468625
1,0.496631581,0.21245956,0.820460642
1,0.621832986,0.070756241,0.49535812
1,0.432906637,0.223606953,0.828574156
1,0.552767664,0.215412583,0.713581931
1,0.461479455,0.276278889,0.791889213
1,0.026555958,0.964856657,0.522518345
1,0.478358223,0.3293213,0.813170936
1,0.586296572,0.235750748,0.555325204
1,0.24924508,0.718366468,0.76966693
1,0.254973863,0.607039007,0.916291588
1,0.316609728,0.675068387,0.680778708
1,0.431046934,0.293109613,0.833629759
1,0.662948508,0.224308269,0.584476754
1,0.639565645,0.167721369,0.595888231
1,0.843515549,0.237706938,0.419287669
1,0.608208885,0.104197988,0.695592715
1,0.619977025,0.1745536,0.634805459
1,0.587767122,0.12549594,0.678187257
1,0.425239572,0.424735606,0.820577939
1,0.644519864,0.256458096,0.691124508
1,0.319782823,0.470247916,0.860672686
1,0.862793595,0.228331574,0.160378988
1,0.587767122,0.12549594,0.678187257
1,0.59125079,0.125827643,0.661374651
1,0.477041838,0.187212613,0.836333961
1,0.68447541,0.202678183,0.3896542
1,0.5740607,0.224086803,0.618574793
1,0.685867381,0.012807203,0.513698319
1,0.552844372,0.129816701,0.776721624
1,0.530080787,0.213567105,0.764728989
1,0.616261361,0.093200078,0.657964847
1,0.657915711,0.014874965,0.405293834
1,0.231901574,0.738962242,0.724634242
1,0.328531284,0.675955802,0.728985151
1,0.552767664,0.132401404,0.786127918
1,0.048625429,0.872617227,0.651027033
1,0.531164803,0.340689685,0.771430572
1,0.696864698,0.003136106,0.222219191
1,0.212387791,0.666133931,0.836451258
1,0.528687319,0.341758029,0.742858961
1,0.702825476,0.010627437,0.196586559
1,0.661092547,0.024063584,0.377660784
1,0.587767122,0.12549594,0.678187257
1,0.536817251,0.144135955,0.817286342
1,0.608051727,0.100583712,0.717109032
1,0.247695952,0.567729985,0.86525819
1,0.199613092,0.60888707,0.865375488
1,0.504142235,0.289051629,0.779543541
1,0.432596063,0.411191763,0.80270602
1,0.632134318,0.27402589,0.659374233
1,0.698181832,0.005906046,0.210580394
1,0.653657478,0.048536412,0.60106204
1,0.625009822,0.074930536,0.534157142
1,0.669530434,0.030891507,0.400701965
1,0.588695102,0.09596571,0.766139284
1,0.588695102,0.09596571,0.766139284
1,0.588695102,0.09596571,0.766139284
1,0.508865207,0.222831973,0.888185712
1,0.461479455,0.276278889,0.791889213
1,0.637631105,0.074521291,0.496412886
1,0.859620501,0.238888147,0.351437119
1,0.451567277,0.292446206,0.80705693
1,0.851878599,0.237116333,0.361548324
1,0.539759473,0.206664656,0.729337952
1,0.648624681,0.037870205,0.376251398
1,0.874640314,0.216778168,0.144030115
1,0.576462972,0.263729295,0.768961419
1,0.641114774,0.033588214,0.409640197
1,0.643670462,0.251954682,0.671140329
1,0.589548246,0.127934176,0.668548878
1,0.445681336,0.401150193,0.827397547
1,0.669530434,0.030891507,0.400701965
1,0.277814157,0.469618972,0.815992435
1,0.01176814,0.985603205,0.524755176
1,0.52226068,0.266719366,0.920992571
1,0.587767122,0.12549594,0.678187257
1,0.75664086,0.274396364,0.175545796
1,0.641500185,0.033919917,0.441155878
1,0.26744173,0.600435092,0.942742573
1,0.207976142,0.672780925,0.866551188
1,0.540379125,0.140409675,0.870663866
1,0.696864698,0.003136106,0.222219191
1,0.699341807,0.206516897,0.293470453
1,0.300658193,0.416912572,0.806468625
1,0.122104271,0.616451634,0.599534448
1,0.425239572,0.424735606,0.820577939
1,0.662099107,0.206516897,0.446557007
1,0.640418789,0.260998126,0.686539004
1,0.642585324,0.03676309,0.389417787
1,0.266124596,0.478626661,0.826927448
1,0.696943277,0.021000711,0.262082072
1,0.460240901,0.351429125,0.817873737
1,0.636235393,0.169237728,0.542504342
1,0.613473678,0.254796993,0.671840476
1,0.231901574,0.738962242,0.724634242
1,0.492759881,0.339914274,0.902534166
1,0.59125079,0.125827643,0.661374651
1,0.24924508,0.718366468,0.76966693
1,0.244444278,0.720615159,0.725339844
1,0.277814157,0.469618972,0.815992435
1,0.22229997,0.650780796,0.820460642
1,0.791174457,0.214268421,0.161197341
1,0.036236141,0.903289034,0.660792711
1,0.510026679,0.269746053,0.781424752
1,0.651412364,0.037982209,0.400701965
1,0.655360023,0.032076163,0.39059076
1,0.026866532,0.958252741,0.567664148
1,0.513665897,0.219620479,0.798591524
1,0.174602521,0.61538329,0.751442574
1,0.648624681,0.037870205,0.376251398
1,0.16925915,0.615086049,0.73180665
1,0.661092547,0.024063584,0.377660784
1,0.307314956,0.402110841,0.859379688
1,0.75664086,0.274396364,0.175545796
1,0.696475545,0.001068344,0.22421961
1,0.365467152,0.305068172,0.860672686
1,0.048625429,0.872617227,0.651027033
1,0.556795773,0.121287182,0.771548142
1,0.66782789,0.022512762,0.539685571
1,0.275262211,0.469067568,0.871136692
1,0.316609728,0.675068387,0.680778708
1,0.574139279,0.229697331,0.67525028
1,0.643438467,0.05672992,0.62163907
1,0.479829147,0.18148922,0.806468625
1,0.495470108,0.330574881,0.84785637
1,0.269454849,0.681120899,0.762376679
1,0.486410699,0.372468607,0.777427098
1,0.350133023,0.485454585,0.764610782
1,0.63840567,0.129924397,0.575192995
1,0.675726949,0.018971719,0.513461906
1,0.649013834,0.263360545,0.641270447
1,0.856679401,0.209654296,0.239150004
1,0.675726949,0.018971719,0.513461906
1,0.259389254,0.613242294,0.83915546
1,0.324505046,0.423150322,0.903352519
1,0.268137715,0.477666013,0.805998527
1,0.260470651,0.535287656,0.898415123
1,0.491211501,0.209617679,0.858321285
1,0.634843422,0.081017511,0.487829273
1,0.496476668,0.341133392,0.826104549
1,0.273555924,0.592904991,0.806351328
1,0.786141659,0.232428544,0.089473253
1,0.48362339,0.337036638,0.786127918
1,0.641500185,0.033919917,0.441155878
1,0.004258233,0.986120146,0.550615129
1,0.655128028,0.036539083,0.379542995
1,0.496863576,0.285140112,0.927693972
1,0.018118071,0.973347406,0.484537676
1,0.733643409,0.251290413,0.328277731
1,0.300658193,0.416912572,0.806468625
1,0.506542262,0.228589958,0.84668067
1,0.537978724,0.211093975,0.771900943
1,0.460240901,0.351429125,0.817873737
1,0.24924508,0.718366468,0.76966693
1,0.432364068,0.296874663,0.85855588
1,0.510026679,0.226338381,0.809172827
1,0.479596778,0.344342732,0.762142084
1,0.269454849,0.681120899,0.762376679
1,0.651412364,0.037982209,0.400701965
1,0.272938518,0.475710255,0.856674577
1,0.608747713,0.261994529,0.676896078
1,0.266973998,0.475378551,0.767550488
1,0.308942664,0.698951041,0.74015476
1,0.75664086,0.274396364,0.175545796
1,0.29686395,0.42433067,0.839743765
1,0.185596096,0.60286902,0.75755658
1,0.0,1.0,0.592478427
1,0.365467152,0.305068172,0.860672686
1,0.600077831,0.093975488,0.766492085
1,0.511420521,0.311012988,0.880547751
1,0.177233047,0.61611993,0.766139284
1,0.43762886,0.348736726,0.832454059
1,0.576462972,0.263729295,0.768961419
1,0.471155897,0.287242337,0.843976468
1,0.491211501,0.209617679,0.858321285
1,0.548896339,0.142843604,0.836804059
1,0.510026679,0.269746053,0.781424752
1,0.218891138,0.517013807,0.844916664
1,0.519163545,0.251548883,0.750384171
1,0.478358223,0.3293213,0.813170936
1,0.577233795,0.133099274,0.706292225
1,0.0,1.0,0.592478427
1,0.451103286,0.205077649,0.758143976
1,0.496631581,0.21245956,0.820460642
1,0.432596063,0.411191763,0.80270602
1,0.597675559,0.116307321,0.661256445
1,0.54788978,0.128041872,0.85220728
1,0.786991061,0.230767743,0.113460087
1,0.425239572,0.424735606,0.820577939
1,0.600077831,0.093975488,0.766492085
1,0.816338443,0.229623495,0.368249725
1,0.503909866,0.285213346,0.90241596
1,0.451567277,0.292446206,0.80705693
1,0.142935187,0.592831757,0.606935996
1,0.652576081,0.197695307,0.663847895
1,0.328531284,0.675955802,0.728985151
1,0.658147706,0.214231374,0.429980814
1,0.269454849,0.433153122,0.691477309
1,0.696864698,0.003136106,0.222219191
1,0.297870509,0.696698042,0.729219746
1,0.262098358,0.515277748,0.859026887
1,0.641810759,0.174919767,0.535211908
1,0.472319614,0.18673272,0.829867154
1,0.048625429,0.872617227,0.651027033
1,0.641500185,0.033919917,0.441155878
1,0.173517383,0.630258255,0.717932841
1,0.641036195,0.153182415,0.453149295
1,0.142935187,0.592831757,0.606935996
1,0.425239572,0.424735606,0.820577939
1,0.273555924,0.592904991,0.806351328
1,0.432596063,0.225489435,0.786363058
1,0.616029366,0.234680251,0.684306719
1,0.266973998,0.475378551,0.767550488
1,0.667053325,0.208030241,0.41058585
1,0.623228699,0.12826588,0.561553779
1,0.816338443,0.229623495,0.368249725
1,0.160974679,0.648454563,0.722518345
1,0.574988681,0.229660413,0.624694254
1,0.479829147,0.18148922,0.806468625
1,0.661788533,0.031520451,0.425634451
1,0.653193488,0.054847395,0.620811624
1,0.445681336,0.401150193,0.827397547
1,0.33658376,0.495272148,0.81340644
1,0.425239572,0.424735606,0.820577939
1,0.618813308,0.200759041,0.517462742
1,0.472319614,0.18673272,0.829867154
1,0.458691772,0.280229177,0.81775644
1,0.53983693,0.176914296,0.813641034
1,0.764768173,0.250367674,0.139801959
1,0.165543486,0.649634911,0.751795375
1,0.776846887,0.256937989,0.087245515
1,0.53000333,0.185403752,0.816227939
1,0.776846887,0.256937989,0.087245515
1,0.17707963,0.609477244,0.698179619
1,0.54788978,0.128041872,0.85220728
1,0.851878599,0.237116333,0.361548324
1,0.432596063,0.411191763,0.80270602
1,0.556638615,0.128636354,0.831278358
1,0.272938518,0.475710255,0.856674577
1,0.570498453,0.166579792,0.724046846
1,0.185596096,0.60286902,0.75755658
1,0.500890188,0.207107502,0.834217154
1,0.652576081,0.197695307,0.663847895
1,0.872009789,0.228700713,0.154259527
1,0.027562517,0.903069335,0.717109032
1,0.668602454,0.020781011,0.5853042
1,0.528687319,0.341758029,0.742858961
1,0.863182749,0.208916363,0.198114151
1,0.52226068,0.266719366,0.920992571
1,0.816338443,0.229623495,0.368249725
1,0.460240901,0.351429125,0.817873737
1,0.510026679,0.226338381,0.809172827
1,0.047929444,0.869071876,0.734510852
1,0.519782823,0.15524587,0.831395655
1,0.556795773,0.121287182,0.771548142
1,0.625009822,0.074930536,0.534157142
1,0.696475545,0.001068344,0.22421961
1,0.211691806,0.532961423,0.667139493
1,0.506852088,0.291817262,0.887012739
1,0.54788978,0.128041872,0.85220728
1,0.697871258,0.015796842,0.248088237
1,0.707704857,0.199688543,0.283477454
1,0.123963973,0.614202942,0.564254344
1,0.589237672,0.082680337,0.717932841
1,0.499031607,0.300605251,0.73815616
1,0.666200182,0.027682168,0.421515408
1,0.615097644,0.261699442,0.706174927
1,0.851878599,0.237116333,0.361548324
1,0.617885327,0.118629246,0.574138229
1,0.26891228,0.436586469,0.775310656
1,0.593342488,0.207550348,0.624812461
1,0.524196343,0.146793891,0.89782409
1,0.298719911,0.486712473,0.781542322
1,0.565854808,0.16524867,0.726398247
1,0.527525847,0.213234971,0.74450476
1,0.468525372,0.325224546,0.847503569
1,0.506542262,0.228589958,0.84668067
1,0.432364068,0.296874663,0.85855588
1,0.478358223,0.3293213,0.813170936
1,0.642663903,0.077549702,0.453849441
1,0.038634671,0.897899929,0.764376188
1,0.601933792,0.208547182,0.641743274
1,0.510026679,0.269746053,0.781424752
1,0.697871258,0.015796842,0.248088237
1,0.307546951,0.433411592,0.917937387
1,0.662948508,0.224308269,0.584476754
1,0.236702376,0.507381481,0.810113933
1,0.630353194,0.081866155,0.512170727
1,0.503135302,0.31957697,0.831983051
1,0.621832986,0.070756241,0.49535812
1,0.66488679,0.212275185,0.422224647
1,0.776846887,0.256937989,0.087245515
1,0.035925567,0.773472333,0.603762605
1,0.174602521,0.61538329,0.751442574
1,0.752072053,0.266387232,0.174954763
1,0.653346904,0.144209189,0.42339762
1,0.038634671,0.897899929,0.764376188
1,0.272938518,0.475710255,0.856674577
1,0.696475545,0.001068344,0.22421961
1,0.749980355,0.234532492,0.27301163
1,0.761131088,0.256863894,0.169899161
1,0.302207321,0.482650182,0.811525137
1,0.643670462,0.251954682,0.671140329
1,0.344868231,0.505718655,0.772136083
1,0.311498352,0.477739247,0.857498386
1,0.662948508,0.224308269,0.584476754
1,0.521873398,0.152148534,0.821754549
1,0.267052577,0.681784307,0.69618011
1,0.621832986,0.070756241,0.49535812
1,0.666435919,0.208178,0.611527865
1,0.201701048,0.761587008,0.660674505
1,0.112502666,0.66790876,0.685952517
1,0.641114774,0.033588214,0.409640197
1,0.86310417,0.234865057,0.364494394
1,0.499031607,0.300605251,0.73815616
1,0.610222004,0.09648265,0.66243851
1,0.638716244,0.130518879,0.55320658
1,0.634300853,0.073638185,0.487247334
1,0.841270435,0.218402654,0.44679342
1,0.346417359,0.319021259,0.908644535
1,0.653346904,0.144209189,0.42339762
1,0.521873398,0.152148534,0.821754549
1,0.574139279,0.229697331,0.67525028
1,0.622686129,0.149710298,0.571664984
1,0.489352921,0.265501109,0.804234522
1,0.492759881,0.339914274,0.902534166
1,0.696864698,0.003136106,0.222219191
1,0.659000849,0.193450363,0.66690308
1,0.76987955,0.264541323,0.092182911
1,0.615097644,0.261699442,0.706174927
1,0.660007409,0.213345682,0.660910918
1,0.646379566,0.056286213,0.615046783
1,0.495857016,0.210318995,0.886539913
1,0.621832986,0.070756241,0.49535812
1,0.278435305,0.490438753,0.790243415
1,0.270693403,0.681047666,0.732746847
1,0.166239471,0.625459323,0.704646426
1,0.68447541,0.202678183,0.3896542
1,0.231901574,0.738962242,0.724634242
1,0.211691806,0.532961423,0.667139493
1,0.298719911,0.486712473,0.781542322
1,0.508865207,0.222831973,0.888185712
1,0.337900893,0.501216964,0.787421006
1,0.034687012,0.778934672,0.49218473
1,0.410530333,0.387602042,0.867962392
1,0.642585324,0.03676309,0.389417787
1,0.556795773,0.121287182,0.771548142
1,0.651412364,0.037982209,0.400701965
1,0.559736873,0.113942318,0.787303709
1,0.589237672,0.082680337,0.717932841
1,0.657219726,0.199577832,0.397173955
1,0.486023417,0.357559179,0.846563372
1,0.266973998,0.475378551,0.767550488
1,0.59125079,0.125827643,0.661374651
1,0.76987955,0.264541323,0.092182911
1,0.048625429,0.872617227,0.651027033
1,0.51173016,0.254280053,0.782835684
1,0.43716487,0.295952786,0.841977868
1,0.508865207,0.222831973,0.888185712
1,0.267052577,0.681784307,0.69618011
1,0.303445876,0.700243393,0.74685707
1,0.160974679,0.648454563,0.722518345
1,0.685635386,0.013358606,0.529456159
1,0.324505046,0.423150322,0.903352519
1,0.513665897,0.219620479,0.798591524
1,0.587767122,0.12549594,0.678187257
1,0.294461678,0.700794796,0.70252962
1,0.552767664,0.132401404,0.786127918
1,0.267052577,0.681784307,0.69618011
1,0.477041838,0.187212613,0.836333961
1,0.661788533,0.031520451,0.425634451
1,0.432906637,0.223606953,0.828574156
1,0.018192908,0.808098736,0.538394392
1,0.593495905,0.083309281,0.716756231
1,0.559579715,0.204745514,0.702059522
1,0.666510756,0.214711267,0.578721005
1,0.269454849,0.433153122,0.691477309
1,0.350133023,0.485454585,0.764610782
1,0.297481356,0.48058242,0.887476472
1,0.244055125,0.486785707,0.810819535
1,0.576462972,0.263729295,0.768961419
1,0.786141659,0.232428544,0.089473253
1,0.27920987,0.458401361,0.850443275
1,0.54788978,0.128041872,0.85220728
1,0.308942664,0.698951041,0.74015476
1,0.504142235,0.289051629,0.779543541
1,0.410530333,0.387602042,0.867962392
1,0.452109846,0.336187994,0.824223247
1,0.01176814,0.985603205,0.524755176
1,0.536817251,0.144135955,0.817286342
1,0.576462972,0.263729295,0.768961419
1,0.135578697,0.641923881,0.665139075
1,0.71002855,0.003024102,0.220691599
1,0.279595281,0.433816529,0.877838093
1,0.51498217,0.184923859,0.728985151
1,0.554704075,0.207772202,0.677487111
1,0.003562248,0.985013031,0.539212744
1,0.801936037,0.251659595,0.512170727
1,0.616029366,0.234680251,0.684306719
1,0.24382313,0.570607621,0.861025487
1,0.669994425,0.025170698,0.54097675
1,0.259389254,0.690387059,0.684779545
1,0.044442033,0.892920068,0.641034034
1,0.492759881,0.339914274,0.902534166
1,0.048625429,0.872617227,0.651027033
1,0.221136252,0.737708661,0.604708257
1,0.432906637,0.223606953,0.828574156
1,0.344868231,0.505718655,0.772136083
1,0.587767122,0.12549594,0.678187257
1,0.582655745,0.100286471,0.79635742
1,0.588695102,0.09596571,0.766139284
1,0.66488679,0.212275185,0.422224647
1,0.509871767,0.229623495,0.763082281
1,0.700969515,0.199762207,0.279722124
1,0.669994425,0.025170698,0.54097675
1,0.659000849,0.193450363,0.66690308
1,0.651412364,0.037982209,0.400701965
1,0.259389254,0.690387059,0.684779545
1,0.519163545,0.251548883,0.750384171
1,0.445142509,0.331203825,0.880193131
1,0.66488679,0.212275185,0.422224647
1,0.629268055,0.077734939,0.524164143
1,0.622996703,0.234385164,0.667375906
1,0.219665703,0.519818209,0.808349928
1,0.242042006,0.522329679,0.723575839
1,0.269454849,0.433153122,0.691477309
1,0.615408218,0.191494174,0.592478427
1,0.642663903,0.077549702,0.453849441
1,0.581881181,0.259484783,0.736039354
1,0.496476668,0.341133392,0.826104549
1,0.112502666,0.66790876,0.685952517
1,0.029964789,0.786947251,0.533220582
1,0.26248377,0.479328839,0.83398256
1,0.496476668,0.341133392,0.826104549
1,0.622996703,0.234385164,0.667375906
1,0.548896339,0.142843604,0.836804059
1,0.267284572,0.679389149,0.738979059
